id,word,stem,lang,category,timestamp,profileid
en:involute,involute,involute,en,0,1388415348741,
en:voluting,voluting,volute,en,0,1388416268495,
en:inguinal,inguinal,inguinal,en,0,1388240803273,
en:rondos,rondos,rondo,en,0,1388435996104,
en:legerdemain,legerdemain,legerdemain,en,0,1388590340843,
en:putatively,putatively,putatively,en,0,1388588179090,
en:spontaneous,spontaneous,spontaneous,en,0,1388585193642,
en:seriatim,seriatim,seriatim,en,0,1388580337779,
en:book,book,book,en,0,1388779721433,
en:ague,ague,ague,en,0,1390229461039,
en:solecisms,solecisms,solecism,en,0,1390229785581,
en:discomfiture,discomfiture,discomfiture,en,0,1390227890210,
en:sedulously,sedulously,sedulously,en,0,1390239556651,
en:metonymy,metonymy,metonymy,en,0,1390240337274,
en:uxorious,uxorious,uxorious,en,0,1390239524024,
en:Svengali,Svengali,Svengali,en,0,1390239568328,
en:sententiousness,sententiousness,sententiousness,en,0,1390280519360,
en:luffing,luffing,luff,en,0,1390282020002,
en:funicular,funicular,funicular,en,0,1390283583383,
en:pavane,pavane,pavane,en,0,1390282010622,
en:hod,hod,hod,en,0,1390280536507,
en:hymeneal,hymeneal,hymeneal,en,0,1390283142059,
en:suppurating,suppurating,suppurate,en,0,1390280862066,
en:cerements,cerements,cerement,en,0,1390449476628,
en:fructify,fructify,fructify,en,0,1390312870431,
en:torpor,torpor,torpor,en,0,1390356418735,
en:impuissant,impuissant,impuissant,en,0,1390394910271,
en:basalt,basalt,basalt,en,0,1390454186357,
en:chrysoprase,chrysoprase,chrysoprase,en,0,1390451085866,
en:logogriphs,logogriphs,logogriph,en,0,1390451892512,
en:gamboled,gamboled,gambol,en,0,1390453238260,
en:haymows,haymows,haymow,en,0,1390453573294,
en:Averroes,Averroes,Averroës,en,0,1390451227031,
en:mute,mute,mute,en,0,1390479681449,
en:Levantine,Levantine,Levantine,en,0,1390451794139,
en:damascened,damascened,damascened,en,0,1390453135181,
en:auguries,auguries,augury,en,0,1390453969807,
en:majolica,majolica,majolica,en,0,1390479684786,
en:bollard,bollard,bollard,en,0,1390478265122,
en:ness,ness,ness,en,0,1390453298867,
en:chalcedony,chalcedony,chalcedony,en,0,1390451030741,
en:mullioned,mullioned,mullioned,en,0,1390454783867,
en:armature,armature,armature,en,0,1390451331828,
en:lavabo,lavabo,lavabo,en,0,1390454334485,
en:mandrel,mandrel,mandrel,en,0,1390454825362,
en:norias,norias,noria,en,0,1390451678441,
en:rebus,rebus,rebus,en,0,1390451855953,
en:spouts,spouts,spout,en,0,1390454331509,
en:zebus,zebus,zebu,en,0,1390477088061,
en:planispheres,planispheres,planisphere,en,0,1390450685724,
en:withers,withers,withers,en,0,1390451519764,
en:stridor,stridor,stridor,en,0,1390451759658,
en:porphyry,porphyry,porphyry,en,0,1390478701089,
en:pediments,pediments,pediment,en,0,1390478785044,
en:incunabula,incunabula,incunabula,en,0,1390515861495,
en:balustrades,balustrades,balustrade,en,0,1390515933115,
en:medlars,medlars,medlar,en,0,1390514929088,
en:Janizaries,Janizaries,janizary,en,0,1390516034822,
en:gouge,gouge,gouge,en,0,1390512983855,
en:francolin,francolin,francolin,en,0,1390515158737,
en:abaci,abaci,abaca,en,0,1390515900683,
en:porticos,porticos,portico,en,0,1390515966714,
en:generation,generation,generation,en,0,1390514064870,
en:astronomers,astronomers,astronomer,en,0,1390514249992,
en:triglyphs,triglyphs,triglyph,en,0,1390515891166,
en:sibyl,sibyl,sibyl,en,0,1390515479746,
en:odalisques,odalisques,odalisque,en,0,1390516018023,
en:metopes,metopes,metope,en,0,1390515915140,
en:elytra,elytra,elytron,en,0,1390515789191,
en:lazaretto,lazaretto,lazaretto,en,0,1390515303575,
en:escutcheon,escutcheon,escutcheon,en,0,1390757241747,
en-GB:spoliation,spoliation,spoliation,en-GB,0,1390757309598,
en:plenary,plenary,plenary,en,0,1391884337528,
en:everted,everted,Evert,en,0,1391884590984,
en:Her,Her,Her,en,0,1392380169863,
en:alexandrine,alexandrine,alexandrine,en,0,1392380314796,
en:mistral,mistral,mistral,en,0,1392380477553,
en:pilasters,pilasters,pilaster,en,0,1392380795647,
en:romantic,romantic,romantic,en,0,1392382141267,
en:hummock,hummock,hummock,en,0,1392382602397,
en:compline,compline,compline,en,0,1392384572657,
en:Utrillo,Utrillo,Utrillo,en,0,1395289925140,
en:embarrassing,embarrassing,embarrassing,en,0,1395495081886,
en:tyro,tyro,tyro,en,0,1395723912746,
en:a,a,a,en,0,1395724409055,
en:accidie,accidie,accidie,en,0,1395783418179,
en:cosh,cosh,cosh,en,0,1395886219889,
en:tremble,tremble,tremble,en,0,1397319207212,
en:laugh,laugh,laugh,en,0,1397587839339,
en:to,to,to,en,0,1397587867814,
en:some,some,some,en,0,1397591037559,
en:situations,situations,situation,en,0,1397592548006,
en:dudgeon,dudgeon,dudgeon,en,0,1397592558833,
en:bathos,bathos,bathos,en,0,1397594534354,
en:propitiated,propitiated,propitiate,en,0,1401686397787,
en:apotropaic,apotropaic,apotropaic,en,0,1401686411358,
en:bumptious,bumptious,bumptious,en,0,1401728674455,
en:factive,factive,factive,en,0,1401730930920,
en:nomological,nomological,nomological,en,0,1401730975924,
en:ensorcels,ensorcels,ensorcel,en,0,1401731005601,
en:subtending,subtending,subtend,en,0,1401731222573,
en:traceries,traceries,tracery,en,0,1401821399749,
en:destrier,destrier,destrier,en,0,1404397521950,
en:sept,sept,sept,en,0,1404400196877,
en:palanquin,palanquin,palanquin,en,0,1404401736424,
en:timorously,timorously,timorously,en,0,1404589993540,
en:wheelhouse,wheelhouse,wheelhouse,en,0,1404597793107,
en:shadowed,shadowed,shadow,en,0,1404921133101,
en:sigil,sigil,sigil,en,0,1404938072161,
en:aurochs,aurochs,aurochs,en,0,1404938437139,
en:puissant,puissant,puissant,en,0,1404941221693,
en:gaoler,gaoler,gaoler,en,0,1405085114420,
en:balustrade,balustrade,balustrade,en,0,1405086950327,
en:rondels,rondels,rondel,en,0,1405087572414,
en:maidenhead,maidenhead,maidenhead,en,0,1405089335451,
en:hart,hart,hart,en,0,1405137712441,
en:see,see,see,en,0,1405138319729,
en:When,When,when,en,0,1405246307186,
en:under,under,under,en,0,1405251332145,
en:Robb,Robb,robber,en,0,1405251355691,
en:was,was,was,en,0,1405251362258,
en:crenellations,crenellations,crenellations,en,0,1405257311207,
en:quailed,quailed,quail,en,0,1405356693701,
en:that,that,that,en,0,1405357393715,
en:our,our,our,en,0,1405385431973,
en:ser,ser,ser.,en,0,1405390821019,
en:Wolf,Wolf,wolf,en,0,1405394501349,
en:know,know,know,en,0,1405394697900,
en:crannogs,crannogs,crannog,en,0,1405397194564,
en:tabard,tabard,tabard,en,0,1405399408427,
en:gibbet,gibbet,gibbet,en,0,1405400069085,
en:wyvern,wyvern,wyvern,en,0,1405441896615,
en:your,your,your,en,0,1407728247793,
en:samite,samite,samite,en,0,1409690596291,
en:sheepfold,sheepfold,sheepfold,en,0,1409950210972,
en:sward,sward,sward,en,0,1409951248795,
en:garderobe,garderobe,garderobe,en,0,1411012850611,
en:defile,defile,defile,en,0,1411364928980,
en:ardent,ardent,ardent,en,0,1411538776503,
en:time,time,time,en,0,1411647377234,
en:fight,fight,fight,en,0,1417351970463,
en:mind,mind,mind,en,0,1417352857001,
en:Pali,Pali,Pali,en,0,1417353695832,
en:pro forma,pro forma,pro forma,en,0,1417354291410,
en:vipassanā,vipassanā,vipassana,en,0,1417355157270,
en:ideology,ideology,ideology,en,0,1419572374266,
en:colonnade,colonnade,colonnade,en,0,1423370681352,
en:ersatz,ersatz,ersatz,en,0,1423370789233,
en:detrainment,detrainment,detrainment,en,0,1423411026815,
en:betook,betook,betook,en,0,1423411094294,
en:charlady,charlady,charlady,en,0,1423411343233,
en:ducal,ducal,ducal,en,0,1423411417276,
en:extensile,extensile,extensile,en,0,1423411612193,
en:prepuce,prepuce,prepuce,en,0,1423411625761,
en:quiff,quiff,quiff,en,0,1423411918422,
en:cheroots,cheroots,cheroot,en,0,1423412281888,
en:dissimulating,dissimulating,dissimulate,en,0,1423412490881,
en:traduce,traduce,traduce,en,0,1423412926710,
en:Asclepius,Asclepius,Asclepius,en,0,1423414484435,
en:truncheons,truncheons,truncheon,en,0,1423414678304,
en:razzia,razzia,razzia,en,0,1423414858030,
en:lorry,lorry,lorry,en,0,1423425008390,
en:adumbrated,adumbrated,adumbrate,en,0,1423425102324,
en:fettle,fettle,fettle,en,0,1423577950781,
en:cavils,cavils,cavil,en,0,1423578184825,
en:tractable,tractable,tractable,en,0,1423578351887,
en:deportment,deportment,deportment,en,0,1423578425035,
en:catamite,catamite,catamite,en,0,1423578443164,
en:daubed,daubed,daube,en,0,1423578529320,
en:cynosure,cynosure,cynosure,en,0,1423579088727,
en:autarky,autarky,autarky,en,0,1423581407923,
en:crepitated,crepitated,crepitate,en,0,1423582163967,
en:exophthalmic,exophthalmic,exophthalmic,en,0,1423582354717,
en:missals,missals,missal,en,0,1423605411449,
en:pullulating,pullulating,pullulate,en,0,1423605621273,
en:nonce,nonce,nonce,en,0,1423606022796,
en:rills,rills,rill,en,0,1423606304881,
en:calorific,calorific,calorific,en,0,1423609409892,
en:fiasco,fiasco,fiasco,en,0,1423610050452,
en:tittivated,tittivated,tittivate,en,0,1423610994327,
en:peruke,peruke,peruke,en,0,1423611193264,
en:traduced,traduced,traduce,en,0,1423753368424,
en:immiseration,immiseration,immiseration,en,0,1423754266905,
en:scapegrace,scapegrace,scapegrace,en,0,1423754674178,
en:glanders,glanders,glanders,en,0,1423754717500,
en:epicene,epicene,epicene,en,0,1423754886176,
en:dosshouse,dosshouse,dosshouse,en,0,1423758150860,
en:Buna,Buna,bun,en,0,1423759092147,
en:refractory,refractory,refractory,en,0,1423759418014,
en:amatory,amatory,amatory,en,0,1423760260892,
en:ministrations,ministrations,ministration,en,0,1423760630993,
en:plenipotentiaries,plenipotentiaries,plenipotentiary,en,0,1423761953975,
en:Schadenfreude,Schadenfreude,Schadenfreude,en,0,1423762252930,
en:demesne,demesne,demesne,en,0,1423762644868,
en:Amorite,Amorite,Amorite,en,0,1423762828786,
en:rictus,rictus,rictus,en,0,1423763448418,
en:somnolent,somnolent,somnolent,en,0,1423763888627,
en:percipience,percipience,percipience,en,0,1423894669740,
en:adduced,adduced,adduce,en,0,1424003288913,
en:fulminant,fulminant,fulminant,en,0,1424003296438,
en:The,The,the,en,0,1424003681749,
en:plimsolls,plimsolls,plimsoll,en,0,1424003739605,
en:monad,monad,monad,en,0,1424004192838,
en:necropolis,necropolis,necropolis,en,0,1424004210362,
en:propitiation,propitiation,propitiation,en,0,1424005177200,
en:torpid,torpid,torpid,en,0,1424008035909,
en:parallaxes,parallaxes,parallax,en,0,1424008161964,
en:mien,mien,mien,en,0,1424009528433,
en:questions,questions,question,en,0,1424009617757,
en:veronicas,veronicas,veronica,en,0,1424093201380,
en:seigneurial,seigneurial,seigneurial,en,0,1424149207051,
en:Lassitude,Lassitude,lassitude,en,0,1424149338754,
en:diffidence,diffidence,diffidence,en,0,1424149597100,
en:saturnalias,saturnalias,Saturnalia,en,0,1424149700369,
en:frowsiest,frowsiest,frowsy,en,0,1424149923507,
en:ordure,ordure,ordure,en,0,1424150501645,
en:Mundi,Mundi,Munda,en,0,1424151456393,
en:chivy,chivy,chivy,en,0,1424178078941,
en:revanchism,revanchism,revanchism,en,0,1424179599927,
en:garrulous,garrulous,garrulous,en,0,1424293805720,
en:ask,ask,ask,en,0,1428780619367,
en:stupefaction,stupefaction,stupefaction,en,0,1428780623697,
en:photons,photons,photon,en,0,1433072826000,
en:thermalize,thermalize,thermalize,en,0,1433087267458,
en:appear,appear,appear,en,0,1433087332933,
en:perduring,perduring,perdure,en,0,1433089071220,
en:could,could,could,en,0,1433536364558,
en:thousands,thousands,thousand,en,0,1433536814477,
en:seekers,seekers,seeker,en,0,1433734315822,
en:garron,garron,garron,en,0,1439151021359,
en:in,in,in,en,0,1440074802034,
en:engines,engines,engine,en,0,1440389231612,
en:plimsole,plimsole,plimsole,en,0,1440458776624,
en:lachrymosely,lachrymosely,lachrymosely,en,0,1440458849611,
en:distrait,distrait,distrait,en,0,1440459831383,
en:beery,beery,beery,en,0,1440543896581,
en:hold,hold,hold,en,0,1440557548656,
en:deliquescent,deliquescent,deliquescent,en,0,1440562585383,
en:per,per,per,en,0,1440879603013,
en:uxoriousness,uxoriousness,uxoriousness,en,0,1440883260139,
en:divagations,divagations,divagation,en,0,1441546965307,
en:insalubrious,insalubrious,insalubrious,en,0,1444014085936,
en:banyan,banyan,banyan,en,0,1444079745195,
en:moues,moues,moue,en,0,1444080584696,
en:Scheherazade,Scheherazade,Scheherazade,en,0,1444137082635,
en:ha-ha,ha-ha,ha-ha,en,0,1444138578481,
en:juvenilia,juvenilia,juvenilia,en,0,1444140693407,
en:eschatology,eschatology,eschatology,en,0,1444140731640,
en:eschatological,eschatological,eschatological,en,0,1444480494063,
en:Gravitons,Gravitons,graviton,en,0,1444482047269,
en:revenant,revenant,revenant,en,0,1444496010839,
en:tetchily,tetchily,tetchily,en,0,1444563415999,
en:leonine,leonine,leonine,en,0,1444607768714,
en:obloquy,obloquy,obloquy,en,0,1444608463849,
en:affray,affray,affray,en,0,1444608571432,
en:parthenogenesis,parthenogenesis,parthenogenesis,en,0,1444608653572,
en:chatelaine,chatelaine,chatelaine,en,0,1444609168237,
en:eyries,eyries,eyrie,en,0,1444904434564,
en:concertina,concertina,concertina,en,0,1444904677344,
en:disports,disports,disport,en,0,1444969261014,
en:puissance,puissance,puissance,en,0,1444969625074,
en:secateurs,secateurs,secateurs,en,0,1445565230666,
en:detrition,detrition,detrition,en,0,1445566930992,
en:imminence,imminence,imminence,en,0,1445567067110,
en:gulag,gulag,Gulag,en,0,1446266981375,
en:car,car,car,en,0,1446411680667,
en:as,as,as,en,0,1446426177341,
en:hundred,hundred,hundred,en,0,1446466304290,
en:had,had,had,en,0,1446517552894,
en:opprobrium,opprobrium,opprobrium,en,0,1446553025176,
en:imprimatur,imprimatur,imprimatur,en,0,1446610664669,
en:auto,auto,auto,en,0,1446611044738,
en:auto-da-fé,auto-da-fé,auto-da-fé,en,0,1446611059119,
en:intercalate,intercalate,intercalate,en,0,1446611236425,
en:tenterhooks,tenterhooks,tenterhook,en,0,1446612104144,
en:immured,immured,immure,en,0,1446638987359,
en:gouts,gouts,gout,en,0,1446639037699,
en:rapaciousness,rapaciousness,rapaciousness,en,0,1446639159314,
en:dulcet,dulcet,dulcet,en,0,1446646362890,
en:ouroboros,ouroboros,ouroboros,en,0,1446648137656,
en:teratological,teratological,teratological,en,0,1446648324268,
en:rawboned,rawboned,rawboned,en,0,1446648645642,
en:yclept,yclept,yclept,en,0,1446648751549,
en:dybbuks,dybbuks,dybbuk,en,0,1446648878536,
en:fanfaronades,fanfaronades,fanfaronade,en,0,1446649146500,
en:Kapellmeister,Kapellmeister,kapellmeister,en,0,1446654226388,
en:palanquins,palanquins,palanquin,en,0,1446654930573,
en:senescence,senescence,senescence,en,0,1446655355128,
en:discomfitures,discomfitures,discomfiture,en,0,1446655404000,
en:strabismic,strabismic,strabismic,en,0,1446655765708,
en:irruption,irruption,irruption,en,0,1446656822046,
en:sodality,sodality,sodality,en,0,1446657191374,
en:wastrel,wastrel,wastrel,en,0,1446696793617,
en:doggerel,doggerel,doggerel,en,0,1446696950801,
en:regnant,regnant,regnant,en,0,1446697170278,
en:Semitic,Semitic,Semitic,en,0,1446697372403,
en:helpmeets,helpmeets,helpmeet,en,0,1446697489953,
en:contemporary,contemporary,contemporary,en,0,1446730628998,
en:milliner,milliner,milliner,en,0,1446730633517,
en:relict,relict,relict,en,0,1446731940562,
en:deracinated,deracinated,deracinated,en,0,1446732863437,
en:exigencies,exigencies,exigency,en,0,1446733725441,
en:circumambient,circumambient,circumambient,en,0,1446734069972,
en:gorse,gorse,gorse,en,0,1446747863900,
en:apotropaically,apotropaically,apotropaically,en,0,1446763802477,
en:subalterns,subalterns,subaltern,en,0,1446763841973,
en:etiolated,etiolated,etiolated,en,0,1446777811090,
en:Brobdingnagian,Brobdingnagian,Brobdingnagian,en,0,1446777988613,
en:climacteric,climacteric,climacteric,en,0,1446780493486,
en:manumitted,manumitted,manumit,en,0,1446821013496,
en:declaim,declaim,declaim,en,0,1446821984965,
en:aitches,aitches,aitch,en,0,1446822119499,
en:pash,pash,pash,en,0,1446822496337,
en:rectitude,rectitude,rectitude,en,0,1446839474584,
en:peroration,peroration,peroration,en,0,1446840370913,
en:sapient,sapient,sapient,en,0,1446906328732,
en:invigilation,invigilation,invigilation,en,0,1446909325397,
en:hagridden,hagridden,hagridden,en,0,1446910000041,
en:seneschal,seneschal,seneschal,en,0,1446912175831,
en:fledged,fledged,fledged,en,0,1447197755372,
en:gamines,gamines,gamine,en,0,1447211214017,
en:benighted,benighted,benighted,en,0,1447221369063,
en:senilia,senilia,senile,en,0,1447299224686,
en:He,He,He,en,0,1447299273216,
en:gantry,gantry,gantry,en,0,1447300075206,
en:frowsy,frowsy,frowsy,en,0,1447300440392,
en:Mahabharata,Mahabharata,Mahabharata,en,0,1447603931257,
en:trex,trex,très,en,0,1447604131075,
en:lucent,lucent,lucent,en,0,1447842733642,
en:foolscap,foolscap,foolscap,en,0,1447843151492,
en:ponce,ponce,ponce,en,0,1447844895270,
en:sheep,sheep,sheep,en,0,1447845930473,
en:equably,equably,equably,en,0,1447846085119,
en:rostral,rostral,rostral,en,0,1447846442630,
en:cruciform,cruciform,cruciform,en,0,1447847573666,
en:serge,serge,serge,en,0,1447933413387,
en:mephitic,mephitic,mephitic,en,0,1448043198625,
en:grot,grot,grot,en,0,1448043884123,
en:contrapuntal,contrapuntal,contrapuntal,en,0,1448046166451,
en:runnels,runnels,runnel,en,0,1448046266604,
en:winkles,winkles,winkle,en,0,1448047435407,
en:pentimento,pentimento,pentimento,en,0,1448142687344,
en:pullulated,pullulated,pullulate,en,0,1448143227535,
en:inhume,inhume,inhume,en,0,1448144678813,
en:sjambok,sjambok,sjambok,en,0,1448144699621,
en:knout,knout,knout,en,0,1448144710062,
en:quiddity,quiddity,quiddity,en,0,1448145077194,
en:prosody,prosody,prosody,en,0,1448145561951,
en:podgy,podgy,podgy,en,0,1448146282307,
en:vermilion,vermilion,vermilion,en,0,1448146714040,
en:syllogism,syllogism,syllogism,en,0,1448146770512,
en:choric,choric,choric,en,0,1448148444018,
en:bastinado,bastinado,bastinado,en,0,1448198920899,
en:ferae,ferae,FERA,en,0,1448198942189,
en:prelapsarian,prelapsarian,prelapsarian,en,0,1448199016851,
en:inimical,inimical,inimical,en,0,1448199314283,
en:parturition,parturition,parturition,en,0,1448200379028,
en:gambols,gambols,gambol,en,0,1448200498173,
en:Augean,Augean,Augean,en,0,1448200667538,
en:architectonic,architectonic,architectonic,en,0,1448201653015,
en:turpitude,turpitude,turpitude,en,0,1448201904305,
en:viscid,viscid,viscid,en,0,1448202608244,
en:inanition,inanition,inanition,en,0,1448251943108,
en:Spume,Spume,spume,en,0,1448252798277,
en:retractile,retractile,retractile,en,0,1448252809697,
en:Stasis,Stasis,stasis,en,0,1448252817017,
en:epitaph,epitaph,epitaph,en,0,1448252825051,
en:syzygy,syzygy,syzygy,en,0,1448252837306,
en:rubicund,rubicund,rubicund,en,0,1448253212811,
en:abjured,abjured,abjure,en,0,1448253269055,
en:cumbrous,cumbrous,cumbrous,en,0,1448253539006,
en:plangently,plangently,plangently,en,0,1448253635236,
en:idiolects,idiolects,idiolect,en,0,1448254020914,
en:pleonasm,pleonasm,pleonasm,en,0,1448254074233,
en:pelf,pelf,pelf,en,0,1448254293215,
en:lustrum,lustrum,lustrum,en,0,1448455107431,
en:dimity,dimity,dimity,en,0,1448457077151,
en:salacities,salacities,salacity,en,0,1448457965918,
en:riverine,riverine,riverine,en,0,1448512769457,
en:adduce,adduce,adduce,en,0,1448512844322,
en:vitiated,vitiated,vitiate,en,0,1448513346706,
en:declension,declension,declension,en,0,1448513565419,
en:penumbra,penumbra,penumbra,en,0,1448513839120,
en:canoodled,canoodled,canoodle,en,0,1448684115839,
en:deliquesced,deliquesced,deliquesce,en,0,1448684672964,
en:autos,autos,auto,en,0,1448684824722,
en:plinth,plinth,plinth,en,0,1448744830173,
en:pillories,pillories,pillory,en,0,1448744857407,
en:taiga,taiga,taiga,en,0,1448745244556,
en:bemused,bemused,bemuse,en,0,1448801057836,
en:salopettes,salopettes,salopettes,en,0,1448801372616,
en:Diurnal,Diurnal,diurnal,en,0,1448802401560,
en:fricatives,fricatives,fricative,en,0,1448802589478,
en:palatinate,palatinate,palatinate,en,0,1448803971665,
en:suzerainty,suzerainty,suzerainty,en,0,1448804264615,
en:qua,qua,qua,en,0,1448804536737,
en:afflatus,afflatus,afflatus,en,0,1448805435271,
en:provender,provender,provender,en,0,1448806790520,
en:termitary,termitary,termitary,en,0,1448807662108,
en:Hebridean,Hebridean,Hebridean,en,0,1448807756457,
en:panegyric,panegyric,panegyric,en,0,1448811339183,
en:gaff,gaff,gaff,en,0,1448812933443,
en:whining,whining,whin,en,0,1448816028138,
en:finical,finical,finical,en,0,1448816130680,
en:frowsting,frowsting,frowst,en,0,1448857289824,
en:hobbledehoys,hobbledehoys,hobbledehoy,en,0,1448858242229,
en:slimline,slimline,slimline,en,0,1448858407592,
en:behoving,behoving,behove,en,0,1448859285015,
en:superannuated,superannuated,superannuate,en,0,1448940593923,
en:eohippus,eohippus,eohippus,en,0,1448941544407,
en:maundering,maundering,maunder,en,0,1448995341890,
en:elegiac,elegiac,elegiac,en,0,1449011868596,
en:diaconate,diaconate,diaconate,en,0,1449772749395,
en:penury,penury,penury,en,0,1449807586898,
en:penurious,penurious,penurious,en,0,1449808021549,
en:assiduity,assiduity,assiduity,en,0,1449808241596,
en:cowshed,cowshed,cowshed,en,0,1449809190462,
en:mountebank,mountebank,mountebank,en,0,1449809199591,
en:catarrh,catarrh,catarrh,en,0,1450303948187,
en:escarpment,escarpment,escarpment,en,0,1450304172104,
en:barmy,barmy,barmy,en,0,1450308484771,
en:antipodean,antipodean,antipodean,en,0,1450322773685,
en:Cymric,Cymric,Cymric,en,0,1450366185281,
en:coruscating,coruscating,coruscating,en,0,1450366382465,
en:EXIGENT,EXIGENT,exigent,en,0,1450408656845,
en:hallux,hallux,hallux,en,0,1450410637383,
en:clerestory,clerestory,clerestory,en,0,1450414753862,
en:gamboling,gamboling,gambol,en,0,1450415492873,
en:hove,hove,hove,en,0,1450549113305,
en:planar,planar,planar,en,0,1450550573553,
en:calabash,calabash,calabash,en,0,1450551130377,
en:smacked,smacked,smack,en,0,1450641940091,
en:crazing,crazing,craze,en,0,1450646096732,
en:caesura,caesura,caesura,en,0,1450647065677,
en:budgerigars,budgerigars,budgerigar,en,0,1450647687254,
en:hanging,hanging,hanging,en,0,1450647787231,
en:It,It,IT,en,0,1450797830724,
en:labile,labile,labile,en,0,1450937269277,
en:bougie,bougie,bougie,en,0,1450937786573,
en:Chthonic,Chthonic,chthonic,en,0,1451141126615,
en:vitiligo,vitiligo,vitiligo,en,0,1451236363876,
en:tump,tump,tump,en,0,1451355632498,
en:deputed,deputed,depute,en,0,1451357036970,
en:propitiatory,propitiatory,propitiatory,en,0,1451362794205,
en:calumnies,calumnies,calumny,en,0,1451397849442,
en:sinecure,sinecure,sinecure,en,0,1451398498476,
en:Aureate,Aureate,aureate,en,0,1451570516525,
en:blenched,blenched,blench,en,0,1451571337780,
en:bishoprics,bishoprics,bishopric,en,0,1451572535497,
en:menstruum,menstruum,menstruum,en,0,1451629720043,
en:oestrus,oestrus,oestrus,en,0,1451629765804,
en:seems,seems,seem,en,0,1451630203856,
en:chaparral,chaparral,chaparral,en,0,1451686496783,
en:arroyo,arroyo,arroyo,en,0,1451686505667,
en:gyre,gyre,gyre,en,0,1451686716810,
en:sump,sump,sump,en,0,1451714062177,
en:caballero,caballero,caballero,en,0,1451772079259,
en:truculent,truculent,truculent,en,0,1452045962738,
en:rowels,rowels,rowel,en,0,1452045986862,
en:tamarack,tamarack,tamarack,en,0,1452311223504,
en:otiose,otiose,otiose,en,0,1452311350825,
en:flivver,flivver,flivver,en,0,1452346025155,
en:sere,sere,sere,en,0,1452347139183,
en:wen,wen,wen,en,0,1452402750592,
en:spindrift,spindrift,spindrift,en,0,1452735331382,
en:merest,merest,mere,en,0,1452738832713,
en:samsara,samsara,samsara,en,0,1452812504634,
en:dharma,dharma,dharma,en,0,1452834254668,
en:present,present,present,en,0,1453086612228,
en:fulsome,fulsome,fulsome,en,0,1453122778397,
en:mimetic,mimetic,mimetic,en,0,1453122927246,
en:palimpsest,palimpsest,palimpsest,en,0,1453123087453,
en:legatee,legatee,legatee,en,0,1453124303929,
en:lightsome,lightsome,lightsome,en,0,1453124393645,
en:Sabbatarian,Sabbatarian,sabbatarian,en,0,1453124971379,
en:loth,loth,loth,en,0,1453210835857,
en:bosky,bosky,bosky,en,0,1453212223970,
en:campanile,campanile,campanile,en,0,1453212235492,
en:compère,compère,compère,en,0,1453213816617,
en:he,he,he,en,0,1453224379934,
en:catafalque,catafalque,catafalque,en,0,1453224384647,
en:baize,baize,baize,en,0,1453232406309,
en:hoydens,hoydens,hoyden,en,0,1453232518188,
en:colleen,colleen,colleen,en,0,1453308378272,
en:prise,prise,prise,en,0,1453311870579,
en:jurisprudence,jurisprudence,jurisprudence,en,0,1454163449251,
en:when,when,when,en,0,1454812530349,
en:rachis,rachis,rachis,en,0,1454814071357,
en:noetic,noetic,noetic,en,0,1456547616551,
en:bestrid,bestrid,bestride,en,0,1456574771690,
en:captiousness,captiousness,captiousness,en,0,1456970180313,
en:Pomological,Pomological,pomological,en,0,1456971636399,
en:abruption,abruption,abruption,en,0,1457325157928,
en:casualties,casualties,casualty,en,0,1457644242797,
en:manumission,manumission,manumission,en,0,1457655960911,
en:conurbation,conurbation,conurbation,en,0,1457713754591,
en:amphorae,amphorae,amphora,en,0,1457796699463,
en:empurple,empurple,empurple,en,0,1472485564765,
en:Nahuatl,Nahuatl,Nahuatl,en,0,1472505621557,
en:gavage,gavage,gavage,en,0,1472800147810,
en:esemplastic,esemplastic,esemplastic,en,0,1475556765084,
en:eidetic,eidetic,eidetic,en,0,1475557063649,
en:perspicacious,perspicacious,perspicacious,en,0,1475557451129,
en:numinous,numinous,numinous,en,0,1475557542149,
en:erstwhile,erstwhile,erstwhile,en,0,1478619340558,
en:evanesce,evanesce,evanesce,en,0,1478623673176,
en:oversized,oversized,oversized,en,0,1478623964573,
en:pickaninnies,pickaninnies,pickaninny,en,0,1478623969279,
en:golliwog,golliwog,golliwog,en,0,1478623998637,
en:tricorne,tricorne,tricorne,en,0,1478636379138,
en:punim,punim,pun,en,0,1478637612844,
en:this,this,this,en,0,1478699173748,
en:nacre,nacre,nacre,en,0,1478700292892,
en:phalanx,phalanx,phalanx,en,0,1478700793009,
en:perspicacity,perspicacity,perspicacity,en,0,1478701624417,
en:satsumas,satsumas,Satsuma,en,0,1478720006452,
en:Quisling,Quisling,quisling,en,0,1478720046924,
en:plethora,plethora,plethora,en,0,1478786930954,
en:anaphrodisiacs,anaphrodisiacs,anaphrodisiac,en,0,1478787222643,
en:cenotaph,cenotaph,cenotaph,en,0,1478787441133,
en:autodidact,autodidact,autodidact,en,0,1479075845469,
en:enrapt,enrapt,enrapt,en,0,1479077842026,
en-US:paracetamol,paracetamol,paracetamol,en-US,0,1479185954347,
en-US:cairn,cairn,cairn,en-US,0,1479272846850,
en-US:catamite,catamite,catamite,en-US,0,1479273591870,
en-US:pediments,pediments,pediment,en-US,0,1479274305055,
en-US:folie à deux,folie à deux,folie à deux,en-US,0,1479274696160,
en-US:meningioma,meningioma,meningioma,en-US,0,1479354200012,
en-US:gnomic,gnomic,gnomic,en-US,0,1479444950130,
en-US:rime,rime,rime,en-US,0,1479504392599,
en-US:gabbled,gabbled,gabble,en-US,0,1479504511450,
en-US:demesne,demesne,demesne,en-US,0,1479505146460,
en:ammoniacal,ammoniacal,ammoniacal,en,0,1479527440201,
en:sidereal,sidereal,sidereal,en,0,1479527699482,
en:lurcher,lurcher,lurcher,en,0,1479529104443,
en:hackney,hackney,hackney,en,0,1479560295586,
en:bathetic,bathetic,bathetic,en,0,1479560311179,
en:pong,pong,pong,en,0,1479560335227,
en:risible,risible,risible,en,0,1479560530713,
en:estuary,estuary,estuary,en,0,1479560593018,
en:hoving,hoving,hove,en,0,1479560939074,
en:crump,crump,crump,en,0,1479565578611,
en:doolies,doolies,doolie,en,0,1479580116112,
en:sepoy,sepoy,sepoy,en,0,1479580290919,
en:hillocks,hillocks,hillock,en,0,1479580387084,
en:ghazis,ghazis,ghazi,en,0,1479580581582,
en:potsherds,potsherds,potsherd,en,0,1479580762933,
en:cheroot,cheroot,cheroot,en,0,1479581189244,
en:pillock,pillock,pillock,en,0,1479581589211,
en:mattocks,mattocks,mattock,en,0,1479582236918,
en:baccy,baccy,baccy,en,0,1479668884308,
en:physically,physically,physically,en,0,1479669069100,
en:Baffin,Baffin,Baffin,en,0,1479669883844,
en:bluebottle,bluebottle,bluebottle,en,0,1479823454956,
en:NKVD,NKVD,NKVD,en,0,1479824292446,
en:hypocrites,hypocrites,hypocrite,en,0,1480463181937,
en:lives,lives,lives,en,0,1480506445190,
en:house,house,house,en,0,1480507007846,
en:scapular,scapular,scapular,en,0,1481164853016,
en:countermand,countermand,countermand,en,0,1481529477857,
en:desuetude,desuetude,desuetude,en,0,1481529664002,
en:tong,tong,tong,en,0,1481531300612,
en:Haboob,Haboob,haboob,en,0,1481531594774,
en-US:charmeuse,charmeuse,charmeuse,en-US,0,1488716890247,
en-US:ineluctable,ineluctable,ineluctable,en-US,0,1488727934882,
en-US:took,took,took,en-US,0,1488832379136,
en-US:feeling,feeling,feeling,en-US,0,1488832419410,
en-US:assholes,assholes,asshole,en-US,0,1488861811065,
en:philosophers,philosophers,philosopher,en,0,1489261563461,
en:conversations,conversations,conversation,en,0,1489261568184,
en:all,all,all,en,0,1489261580709,
en:existence,existence,existence,en,0,1489261626087,
en:and,and,and,en,0,1489261646014,
en:meet,meet,meet,en,0,1489261656819,
en:of,of,of,en,0,1489261676579,
en:stylite,stylite,stylite,en,0,1489303359071,
en:zipless,zipless,zipless,en,0,1489303791600,
en:chilblains,chilblains,chilblain,en,0,1489410345812,
en:vertiginous,vertiginous,vertiginous,en,0,1489420702136,
en:infra dig,infra dig,infra dig,en,0,1489440570337,
en:tittle,tittle,tittle,en,0,1489461018848,
en:unpicking,unpicking,unpick,en,0,1489461423190,
en:proprioception,proprioception,proprioception,en,0,1489510683276,
en:chiasmus,chiasmus,chiasmus,en,0,1489511005846,
en:amanuensis,amanuensis,amanuensis,en,0,1489667250358,
en:created,created,create,en,0,1489671406724,
en:baulks,baulks,baulk,en,0,1490163415262,
en:frowzy,frowzy,frowzy,en,0,1490163737252,
en:ONE,ONE,one,en,0,1490499620608,
en:threnody,threnody,threnody,en,0,1490569523534,
en:polity,polity,polity,en,0,1490579464753,
en:omentum,omentum,omentum,en,0,1490579875155,
en:cortège,cortège,cortège,en,0,1490580451399,
en:perineum,perineum,perineum,en,0,1490581602025,
en:kanun,kanun,Kanin,en,0,1490582968312,
en:bardic,bardic,bardic,en,0,1490583145960,
en:probity,probity,probity,en,0,1490583918673,
en:scansion,scansion,scansion,en,0,1490584409706,
en:keep,keep,keep,en,0,1490584463014,
en:exequy,exequy,exequy,en,0,1490595676336,
en:gravid,gravid,gravid,en,0,1490596454066,
en:caul,caul,caul,en,0,1490597336454,
en:gentians,gentians,gentian,en,0,1490597637832,
en:semaphoric,semaphoric,semaphoric,en,0,1491057939333,
en:hagiography,hagiography,hagiography,en,0,1491657420772,
en:woman,woman,woman,en,0,1491776847565,
en:potential,potential,potential,en,0,1491786159494,
en:Mendicants,Mendicants,mendicant,en,0,1491841516131,
en:elite,elite,elite,en,0,1491856471912,
en:him,him,him,en,0,1491856895200,
en:squit,squit,SQUID,en,0,1499166139862,
en:expiation,expiation,expiation,en,0,1499185473728,
en:faience,faience,faience,en,0,1499185820901,
en:novels,novels,novel,en,0,1499186202439,
en:ignorance,ignorance,ignorance,en,0,1499186210745,
en:orotund,orotund,orotund,en,0,1499195160767,
en:akrasia,akrasia,akrasia,en,0,1499195257117,
en:Mancunian,Mancunian,Mancunian,en,0,1499195572216,
en:pollarded,pollarded,pollard,en,0,1499196306954,
en:Tupamaros,Tupamaros,Tupamaro,en,0,1499653601353,
en:Frisian,Frisian,Frisian,en,0,1501756721446,
en:Mnemosyne,Mnemosyne,Mnemosyne,en,0,1501757409560,
en:anodyne,anodyne,anodyne,en,0,1501757984632,
en:person,person,person,en,0,1505362129868,
en:however,however,however,en,0,1505362133406,
en:have,have,have,en,0,1505918224648,
en:possessing,possessing,possess,en,0,1506068370160,
en:metaphysics,metaphysics,metaphysics,en,0,1506097413110,
en:Regardless,Regardless,regardless,en,0,1506118942503,
en:Donnybrook,Donnybrook,donnybrook,en,0,1506145247349,
en:whispered,whispered,whisper,en,0,1506195805240,
en:cascade,cascade,cascade,en,0,1507347025039,
en:interlocutors,interlocutors,interlocutor,en,0,1508700487280,
en:word,word,word,en,0,1508773152710,
en:ideologues,ideologues,ideologue,en,0,1508773466166,
en:flaccidity,flaccidity,flaccidity,en,0,1508773758654,
en:sedulous,sedulous,sedulous,en,0,1508774798894,
en:at,at,at,en,0,1508817318623,
en:synecdochic,synecdochic,synecdochic,en,0,1508899074191,
en:physiognomy,physiognomy,physiognomy,en,0,1508899371869,
en:massifs,massifs,massif,en,0,1508900133420,
en:excommunicate,excommunicate,excommunicate,en,0,1509656585945,
en:cortical,cortical,cortical,en,0,1509659713673,
en:discursive,discursive,discursive,en,0,1509718601443,
en:propitiations,propitiations,propitiation,en,0,1509719677823,
en:Chinese,Chinese,Chinese,en,0,1509935256083,
en:equanimity,equanimity,equanimity,en,0,1509980506675,
en:introduced,introduced,introduce,en,0,1509980815069,
en:feeling,feeling,feeling,en,0,1509999621991,
en:At,At,At,en,0,1509999706377,
en:beginnings,beginnings,beginning,en,0,1510194993357,
en:unclear,unclear,unclear,en,0,1510196799334,
en:corpus callosum,corpus callosum,corpus callosum,en,0,1510293246954,
en:different,different,different,en,0,1510421799765,
en:bower,bower,bower,en,0,1513311208973,
en:soigné,soigné,soigné,en,0,1513312067231,
en:muezzin,muezzin,muezzin,en,0,1513523210814,
en:treadle,treadle,treadle,en,0,1513591425070,
en:heresiarch,heresiarch,heresiarch,en,0,1513600893662,
en:Borges,Borges,Borges,en,0,1513601034045,
en:casuistical,casuistical,casuistical,en,0,1513602161735,
en:amanuenses,amanuenses,amanuensis,en,0,1513602343333,
en:heresiarchs,heresiarchs,heresiarch,en,0,1513604175500,
en:Eleatic,Eleatic,Eleatic,en,0,1513673074116,
en:Parerga,Parerga,parergon,en,0,1513673269038,
en:Paralipomena,Paralipomena,paralipomena,en,0,1513673292590,
en:educed,educed,educe,en,0,1513673693868,
en:demiurgi,demiurgi,demiurge,en,0,1513673934780,
en:Sinologist,Sinologist,Sinologist,en,0,1513675157046,
en:pusillanimous,pusillanimous,pusillanimous,en,0,1513949335143,
en:most,most,most,en,0,1513950702826,
en:piggin,piggin,piggy,en,0,1514097257547,
en:augury,augury,augury,en,0,1514126851284,
en:zouaves,zouaves,Zouave,en,0,1514265335199,
en:fumaroles,fumaroles,fumarole,en,0,1514289313069,
en:prognathous,prognathous,prognathous,en,0,1514289421679,
en:fusees,fusees,fusee,en,0,1514289605919,
en:ambuscades,ambuscades,ambuscade,en,0,1514290011141,
en:davening,davening,daven,en,0,1514528758344,
en:tallis,tallis,tallis,en,0,1514693563187,
en:mezuzot,mezuzot,mezuza,en,0,1514693940138,
en:Kol Nidre,Kol Nidre,Kol Nidre,en,0,1514694570398,
en:haftorah,haftorah,Haftorah,en,0,1514732332343,
en:rucked,rucked,ruck,en,0,1514866973499,
en:tatty,tatty,tatty,en,0,1514867943409,
en:trefoil,trefoil,trefoil,en,0,1514868752460,
en:fléchette,fléchette,fléchette,en,0,1514868850501,
en:nacreous,nacreous,nacreous,en,0,1514953226924,
en:palp,palp,palp,en,0,1515168105672,
en:zaibatsu,zaibatsu,zaibatsu,en,0,1515416480765,
en:the,the,the,en,0,1515417265997,
en:Purlieus,Purlieus,purlieu,en,0,1515510538797,
en:enfilade,enfilade,enfilade,en,0,1515720747890,
en:change,change,change,en,0,1515721658830,
en:cliometrician,cliometrician,cliometrician,en,0,1515723018523,
en:bimetallism,bimetallism,bimetallism,en,0,1515736405273,
en:Perseus,Perseus,Perseus,en,0,1515988198082,
en:hecatombs,hecatombs,hecatomb,en,0,1515989183214,
en:my,my,my,en,0,1516088193516,
en:Clytemnestra,Clytemnestra,Clytemnestra,en,0,1516089517818,
en:shot,shot,shot,en,0,1516089908076,
en:baldric,baldric,baldric,en,0,1516089914813,
en:Heracles,Heracles,Heracles,en,0,1516089977227,
en:courtyard,courtyard,courtyard,en,0,1517284476618,
en:hecatomb,hecatomb,hecatomb,en,0,1517324644621,
en:asphodel,asphodel,asphodel,en,0,1517324964396,
en:Uniate,Uniate,Uniate,en,0,1517334668076,
en:unnamed,unnamed,unnamed,en,0,1518481994233,
en:boffins,boffins,boffin,en,0,1519263504183,
en:profligacy,profligacy,profligacy,en,0,1519267828431,
en:stint,stint,stint,en,0,1519268304008,
en:bruited,bruited,bruit,en,0,1519269409237,
en:moue,moue,moue,en,0,1520386156220,
en:gloaming,gloaming,gloaming,en,0,1520436218104,
en:rusk,rusk,rusk,en,0,1520499335324,
en:equipoise,equipoise,equipoise,en,0,1520500064437,
en:crenellated,crenellated,crenellate,en,0,1520810586108,
