involute,,,,,,,,
volute,,,,,,,,
inguinal,,,,,,,,
rondo,,,,,,,,
legerdemain,,,,,,,,
putatively,,,,,,,,
spontaneous,,,,,,,,
seriatim,,,,,,,,
book,,,,,,,,
ague,,,,,,,,
solecism,,,,,,,,
discomfiture,,,,,,,,
sedulously,,,,,,,,
metonymy,,,,,,,,
uxorious,,,,,,,,
Svengali,,,,,,,,
sententiousness,,,,,,,,
luff,,,,,,,,
funicular,,,,,,,,
pavane,,,,,,,,
hod,,,,,,,,
hymeneal,,,,,,,,
suppurate,,,,,,,,
cerement,,,,,,,,
fructify,,,,,,,,
torpor,,,,,,,,
impuissant,,,,,,,,
basalt,,,,,,,,
chrysoprase,,,,,,,,
logogriph,,,,,,,,
gambol,,,,,,,,
haymow,,,,,,,,
Averroës,,,,,,,,
mute,,,,,,,,
Levantine,,,,,,,,
damascened,,,,,,,,
augury,,,,,,,,
majolica,,,,,,,,
bollard,,,,,,,,
ness,,,,,,,,
chalcedony,,,,,,,,
mullioned,,,,,,,,
armature,,,,,,,,
lavabo,,,,,,,,
mandrel,,,,,,,,
noria,,,,,,,,
rebus,,,,,,,,
spout,,,,,,,,
zebu,,,,,,,,
planisphere,,,,,,,,
withers,,,,,,,,
stridor,,,,,,,,
porphyry,,,,,,,,
pediment,,,,,,,,
incunabula,,,,,,,,
balustrade,,,,,,,,
medlar,,,,,,,,
janizary,,,,,,,,
gouge,,,,,,,,
francolin,,,,,,,,
abaca,,,,,,,,
portico,,,,,,,,
generation,,,,,,,,
astronomer,,,,,,,,
triglyph,,,,,,,,
sibyl,,,,,,,,
odalisque,,,,,,,,
metope,,,,,,,,
elytron,,,,,,,,
lazaretto,,,,,,,,
escutcheon,,,,,,,,
spoliation,,,,,,,,
plenary,,,,,,,,
Evert,,,,,,,,
Her,,,,,,,,
alexandrine,,,,,,,,
mistral,,,,,,,,
pilaster,,,,,,,,
romantic,,,,,,,,
hummock,,,,,,,,
compline,,,,,,,,
Utrillo,,,,,,,,
embarrassing,,,,,,,,
tyro,,,,,,,,
a,,,,,,,,
accidie,,,,,,,,
cosh,,,,,,,,
tremble,,,,,,,,
laugh,,,,,,,,
to,,,,,,,,
some,,,,,,,,
situation,,,,,,,,
dudgeon,,,,,,,,
bathos,,,,,,,,
propitiate,,,,,,,,
apotropaic,,,,,,,,
bumptious,,,,,,,,
factive,,,,,,,,
nomological,,,,,,,,
ensorcel,,,,,,,,
subtend,,,,,,,,
tracery,,,,,,,,
destrier,,,,,,,,
sept,,,,,,,,
palanquin,,,,,,,,
timorously,,,,,,,,
wheelhouse,,,,,,,,
shadow,,,,,,,,
sigil,,,,,,,,
aurochs,,,,,,,,
puissant,,,,,,,,
gaoler,,,,,,,,
balustrade,,,,,,,,
rondel,,,,,,,,
maidenhead,,,,,,,,
hart,,,,,,,,
see,,,,,,,,
when,,,,,,,,
under,,,,,,,,
robber,,,,,,,,
was,,,,,,,,
crenellations,,,,,,,,
quail,,,,,,,,
that,,,,,,,,
our,,,,,,,,
ser.,,,,,,,,
wolf,,,,,,,,
crannog,,,,,,,,
tabard,,,,,,,,
gibbet,,,,,,,,
wyvern,,,,,,,,
your,,,,,,,,
samite,,,,,,,,
sheepfold,,,,,,,,
sward,,,,,,,,
garderobe,,,,,,,,
defile,,,,,,,,
ardent,,,,,,,,
time,,,,,,,,
fight,,,,,,,,
mind,,,,,,,,
Pali,,,,,,,,
pro forma,,,,,,,,
vipassana,,,,,,,,
ideology,,,,,,,,
colonnade,,,,,,,,
ersatz,,,,,,,,
detrainment,,,,,,,,
betook,,,,,,,,
charlady,,,,,,,,
ducal,,,,,,,,
extensile,,,,,,,,
prepuce,,,,,,,,
quiff,,,,,,,,
cheroot,,,,,,,,
dissimulate,,,,,,,,
traduce,,,,,,,,
Asclepius,,,,,,,,
truncheon,,,,,,,,
razzia,,,,,,,,
lorry,,,,,,,,
adumbrate,,,,,,,,
fettle,,,,,,,,
cavil,,,,,,,,
tractable,,,,,,,,
deportment,,,,,,,,
catamite,,,,,,,,
daube,,,,,,,,
cynosure,,,,,,,,
autarky,,,,,,,,
crepitate,,,,,,,,
exophthalmic,,,,,,,,
missal,,,,,,,,
pullulate,,,,,,,,
nonce,,,,,,,,
rill,,,,,,,,
calorific,,,,,,,,
fiasco,,,,,,,,
tittivate,,,,,,,,
peruke,,,,,,,,
traduce,,,,,,,,
immiseration,,,,,,,,
scapegrace,,,,,,,,
glanders,,,,,,,,
epicene,,,,,,,,
dosshouse,,,,,,,,
bun,,,,,,,,
refractory,,,,,,,,
amatory,,,,,,,,
ministration,,,,,,,,
plenipotentiary,,,,,,,,
Schadenfreude,,,,,,,,
demesne,,,,,,,,
Amorite,,,,,,,,
rictus,,,,,,,,
somnolent,,,,,,,,
percipience,,,,,,,,
fulminant,,,,,,,,
the,,,,,,,,
plimsoll,,,,,,,,
monad,,,,,,,,
necropolis,,,,,,,,
propitiation,,,,,,,,
torpid,,,,,,,,
parallax,,,,,,,,
mien,,,,,,,,
question,,,,,,,,
veronica,,,,,,,,
seigneurial,,,,,,,,
lassitude,,,,,,,,
diffidence,,,,,,,,
Saturnalia,,,,,,,,
frowsy,,,,,,,,
ordure,,,,,,,,
Munda,,,,,,,,
chivy,,,,,,,,
revanchism,,,,,,,,
garrulous,,,,,,,,
ask,,,,,,,,
stupefaction,,,,,,,,
photon,,,,,,,,
thermalize,,,,,,,,
appear,,,,,,,,
perdure,,,,,,,,
could,,,,,,,,
thousand,,,,,,,,
seeker,,,,,,,,
garron,,,,,,,,
in,,,,,,,,
engine,,,,,,,,
plimsole,,,,,,,,
lachrymosely,,,,,,,,
distrait,,,,,,,,
beery,,,,,,,,
hold,,,,,,,,
deliquescent,,,,,,,,
per,,,,,,,,
uxoriousness,,,,,,,,
divagation,,,,,,,,
insalubrious,,,,,,,,
banyan,,,,,,,,
moue,,,,,,,,
Scheherazade,,,,,,,,
ha-ha,,,,,,,,
juvenilia,,,,,,,,
eschatology,,,,,,,,
eschatological,,,,,,,,
graviton,,,,,,,,
revenant,,,,,,,,
tetchily,,,,,,,,
leonine,,,,,,,,
obloquy,,,,,,,,
affray,,,,,,,,
parthenogenesis,,,,,,,,
chatelaine,,,,,,,,
eyrie,,,,,,,,
concertina,,,,,,,,
disport,,,,,,,,
puissance,,,,,,,,
secateurs,,,,,,,,
detrition,,,,,,,,
imminence,,,,,,,,
Gulag,,,,,,,,
car,,,,,,,,
as,,,,,,,,
hundred,,,,,,,,
had,,,,,,,,
opprobrium,,,,,,,,
imprimatur,,,,,,,,
auto,,,,,,,,
auto-da-fé,,,,,,,,
intercalate,,,,,,,,
tenterhook,,,,,,,,
immure,,,,,,,,
gout,,,,,,,,
rapaciousness,,,,,,,,
dulcet,,,,,,,,
ouroboros,,,,,,,,
teratological,,,,,,,,
rawboned,,,,,,,,
yclept,,,,,,,,
dybbuk,,,,,,,,
fanfaronade,,,,,,,,
kapellmeister,,,,,,,,
palanquin,,,,,,,,
senescence,,,,,,,,
discomfiture,,,,,,,,
strabismic,,,,,,,,
irruption,,,,,,,,
sodality,,,,,,,,
wastrel,,,,,,,,
doggerel,,,,,,,,
regnant,,,,,,,,
Semitic,,,,,,,,
helpmeet,,,,,,,,
contemporary,,,,,,,,
milliner,,,,,,,,
relict,,,,,,,,
deracinated,,,,,,,,
exigency,,,,,,,,
circumambient,,,,,,,,
gorse,,,,,,,,
apotropaically,,,,,,,,
subaltern,,,,,,,,
etiolated,,,,,,,,
Brobdingnagian,,,,,,,,
climacteric,,,,,,,,
manumit,,,,,,,,
declaim,,,,,,,,
aitch,,,,,,,,
pash,,,,,,,,
rectitude,,,,,,,,
peroration,,,,,,,,
sapient,,,,,,,,
invigilation,,,,,,,,
hagridden,,,,,,,,
seneschal,,,,,,,,
fledged,,,,,,,,
gamine,,,,,,,,
benighted,,,,,,,,
senile,,,,,,,,
He,,,,,,,,
gantry,,,,,,,,
frowsy,,,,,,,,
Mahabharata,,,,,,,,
très,,,,,,,,
lucent,,,,,,,,
foolscap,,,,,,,,
ponce,,,,,,,,
sheep,,,,,,,,
equably,,,,,,,,
rostral,,,,,,,,
cruciform,,,,,,,,
serge,,,,,,,,
mephitic,,,,,,,,
grot,,,,,,,,
contrapuntal,,,,,,,,
runnel,,,,,,,,
winkle,,,,,,,,
pentimento,,,,,,,,
pullulate,,,,,,,,
inhume,,,,,,,,
sjambok,,,,,,,,
knout,,,,,,,,
quiddity,,,,,,,,
prosody,,,,,,,,
podgy,,,,,,,,
vermilion,,,,,,,,
syllogism,,,,,,,,
choric,,,,,,,,
bastinado,,,,,,,,
FERA,,,,,,,,
prelapsarian,,,,,,,,
inimical,,,,,,,,
parturition,,,,,,,,
Augean,,,,,,,,
architectonic,,,,,,,,
turpitude,,,,,,,,
viscid,,,,,,,,
inanition,,,,,,,,
spume,,,,,,,,
retractile,,,,,,,,
stasis,,,,,,,,
epitaph,,,,,,,,
syzygy,,,,,,,,
rubicund,,,,,,,,
abjure,,,,,,,,
cumbrous,,,,,,,,
plangently,,,,,,,,
idiolect,,,,,,,,
pleonasm,,,,,,,,
pelf,,,,,,,,
lustrum,,,,,,,,
dimity,,,,,,,,
salacity,,,,,,,,
riverine,,,,,,,,
adduce,,,,,,,,
vitiate,,,,,,,,
declension,,,,,,,,
penumbra,,,,,,,,
canoodle,,,,,,,,
deliquesce,,,,,,,,
auto,,,,,,,,
pillory,,,,,,,,
taiga,,,,,,,,
bemuse,,,,,,,,
salopettes,,,,,,,,
diurnal,,,,,,,,
fricative,,,,,,,,
palatinate,,,,,,,,
suzerainty,,,,,,,,
qua,,,,,,,,
afflatus,,,,,,,,
provender,,,,,,,,
termitary,,,,,,,,
Hebridean,,,,,,,,
panegyric,,,,,,,,
gaff,,,,,,,,
whin,,,,,,,,
finical,,,,,,,,
frowst,,,,,,,,
hobbledehoy,,,,,,,,
slimline,,,,,,,,
behove,,,,,,,,
superannuate,,,,,,,,
eohippus,,,,,,,,
maunder,,,,,,,,
elegiac,,,,,,,,
diaconate,,,,,,,,
penury,,,,,,,,
penurious,,,,,,,,
assiduity,,,,,,,,
cowshed,,,,,,,,
mountebank,,,,,,,,
catarrh,,,,,,,,
escarpment,,,,,,,,
barmy,,,,,,,,
antipodean,,,,,,,,
Cymric,,,,,,,,
exigent,,,,,,,,
hallux,,,,,,,,
clerestory,,,,,,,,
gambol,,,,,,,,
hove,,,,,,,,
planar,,,,,,,,
calabash,,,,,,,,
smack,,,,,,,,
craze,,,,,,,,
caesura,,,,,,,,
budgerigar,,,,,,,,
hanging,,,,,,,,
IT,,,,,,,,
labile,,,,,,,,
bougie,,,,,,,,
chthonic,,,,,,,,
vitiligo,,,,,,,,
tump,,,,,,,,
depute,,,,,,,,
propitiatory,,,,,,,,
calumny,,,,,,,,
sinecure,,,,,,,,
aureate,,,,,,,,
blench,,,,,,,,
bishopric,,,,,,,,
menstruum,,,,,,,,
oestrus,,,,,,,,
seem,,,,,,,,
chaparral,,,,,,,,
arroyo,,,,,,,,
gyre,,,,,,,,
sump,,,,,,,,
caballero,,,,,,,,
truculent,,,,,,,,
rowel,,,,,,,,
tamarack,,,,,,,,
otiose,,,,,,,,
flivver,,,,,,,,
sere,,,,,,,,
spindrift,,,,,,,,
mere,,,,,,,,
samsara,,,,,,,,
dharma,,,,,,,,
present,,,,,,,,
fulsome,,,,,,,,
mimetic,,,,,,,,
palimpsest,,,,,,,,
legatee,,,,,,,,
lightsome,,,,,,,,
sabbatarian,,,,,,,,
loth,,,,,,,,
bosky,,,,,,,,
campanile,,,,,,,,
compère,,,,,,,,
he,,,,,,,,
catafalque,,,,,,,,
baize,,,,,,,,
hoyden,,,,,,,,
colleen,,,,,,,,
prise,,,,,,,,
jurisprudence,,,,,,,,
when,,,,,,,,
rachis,,,,,,,,
noetic,,,,,,,,
bestride,,,,,,,,
captiousness,,,,,,,,
pomological,,,,,,,,
abruption,,,,,,,,
casualty,,,,,,,,
manumission,,,,,,,,
conurbation,,,,,,,,
amphora,,,,,,,,
empurple,,,,,,,,
Nahuatl,,,,,,,,
gavage,,,,,,,,
esemplastic,,,,,,,,
eidetic,,,,,,,,
perspicacious,,,,,,,,
numinous,,,,,,,,
erstwhile,,,,,,,,
evanesce,,,,,,,,
oversized,,,,,,,,
pickaninny,,,,,,,,
golliwog,,,,,,,,
tricorne,,,,,,,,
pun,,,,,,,,
this,,,,,,,,
nacre,,,,,,,,
phalanx,,,,,,,,
perspicacity,,,,,,,,
Satsuma,,,,,,,,
quisling,,,,,,,,
plethora,,,,,,,,
anaphrodisiac,,,,,,,,
cenotaph,,,,,,,,
autodidact,,,,,,,,
enrapt,,,,,,,,
paracetamol,,,,,,,,
cairn,,,,,,,,
catamite,,,,,,,,
pediment,,,,,,,,
folie à deux,,,,,,,,
meningioma,,,,,,,,
gnomic,,,,,,,,
rime,,,,,,,,
gabble,,,,,,,,
demesne,,,,,,,,
ammoniacal,,,,,,,,
sidereal,,,,,,,,
lurcher,,,,,,,,
hackney,,,,,,,,
bathetic,,,,,,,,
pong,,,,,,,,
risible,,,,,,,,
estuary,,,,,,,,
hove,,,,,,,,
crump,,,,,,,,
doolie,,,,,,,,
sepoy,,,,,,,,
hillock,,,,,,,,
ghazi,,,,,,,,
potsherd,,,,,,,,
cheroot,,,,,,,,
pillock,,,,,,,,
mattock,,,,,,,,
baccy,,,,,,,,
physically,,,,,,,,
Baffin,,,,,,,,
bluebottle,,,,,,,,
NKVD,,,,,,,,
hypocrite,,,,,,,,
lives,,,,,,,,
house,,,,,,,,
scapular,,,,,,,,
countermand,,,,,,,,
desuetude,,,,,,,,
tong,,,,,,,,
haboob,,,,,,,,
charmeuse,,,,,,,,
ineluctable,,,,,,,,
took,,,,,,,,
feeling,,,,,,,,
asshole,,,,,,,,
philosopher,,,,,,,,
conversation,,,,,,,,
all,,,,,,,,
existence,,,,,,,,
and,,,,,,,,
meet,,,,,,,,
stylite,,,,,,,,
zipless,,,,,,,,
chilblain,,,,,,,,
vertiginous,,,,,,,,
infra dig,,,,,,,,
tittle,,,,,,,,
unpick,,,,,,,,
proprioception,,,,,,,,
chiasmus,,,,,,,,
amanuensis,,,,,,,,
create,,,,,,,,
baulk,,,,,,,,
frowzy,,,,,,,,
one,,,,,,,,
threnody,,,,,,,,
polity,,,,,,,,
omentum,,,,,,,,
cortège,,,,,,,,
perineum,,,,,,,,
Kanin,,,,,,,,
bardic,,,,,,,,
probity,,,,,,,,
scansion,,,,,,,,
keep,,,,,,,,
exequy,,,,,,,,
gravid,,,,,,,,
caul,,,,,,,,
gentian,,,,,,,,
semaphoric,,,,,,,,
hagiography,,,,,,,,
woman,,,,,,,,
potential,,,,,,,,
mendicant,,,,,,,,
elite,,,,,,,,
him,,,,,,,,
SQUID,,,,,,,,
expiation,,,,,,,,
faience,,,,,,,,
novel,,,,,,,,
ignorance,,,,,,,,
akrasia,,,,,,,,
Mancunian,,,,,,,,
pollard,,,,,,,,
Tupamaro,,,,,,,,
Frisian,,,,,,,,
Mnemosyne,,,,,,,,
anodyne,,,,,,,,
person,,,,,,,,
however,,,,,,,,
have,,,,,,,,
possess,,,,,,,,
metaphysics,,,,,,,,
regardless,,,,,,,,
donnybrook,,,,,,,,
whisper,,,,,,,,
cascade,,,,,,,,
interlocutor,,,,,,,,
word,,,,,,,,
ideologue,,,,,,,,
flaccidity,,,,,,,,
sedulous,,,,,,,,
at,,,,,,,,
synecdochic,,,,,,,,
physiognomy,,,,,,,,
massif,,,,,,,,
excommunicate,,,,,,,,
cortical,,,,,,,,
discursive,,,,,,,,
propitiation,,,,,,,,
Chinese,,,,,,,,
equanimity,,,,,,,,
introduce,,,,,,,,
feeling,,,,,,,,
At,,,,,,,,
beginning,,,,,,,,
unclear,,,,,,,,
corpus callosum,,,,,,,,
different,,,,,,,,
bower,,,,,,,,
soigné,,,,,,,,
muezzin,,,,,,,,
treadle,,,,,,,,
heresiarch,,,,,,,,
Borges,,,,,,,,
casuistical,,,,,,,,
amanuensis,,,,,,,,
heresiarch,,,,,,,,
Eleatic,,,,,,,,
parergon,,,,,,,,
paralipomena,,,,,,,,
educe,,,,,,,,
demiurge,,,,,,,,
Sinologist,,,,,,,,
pusillanimous,,,,,,,,
most,,,,,,,,
piggy,,,,,,,,
augury,,,,,,,,
Zouave,,,,,,,,
fumarole,,,,,,,,
prognathous,,,,,,,,
fusee,,,,,,,,
ambuscade,,,,,,,,
daven,,,,,,,,
tallis,,,,,,,,
mezuza,,,,,,,,
Kol Nidre,,,,,,,,
Haftorah,,,,,,,,
ruck,,,,,,,,
tatty,,,,,,,,
trefoil,,,,,,,,
fléchette,,,,,,,,
nacreous,,,,,,,,
palp,,,,,,,,
zaibatsu,,,,,,,,
purlieu,,,,,,,,
enfilade,,,,,,,,
change,,,,,,,,
cliometrician,,,,,,,,
bimetallism,,,,,,,,
Perseus,,,,,,,,
hecatomb,,,,,,,,
my,,,,,,,,
Clytemnestra,,,,,,,,
shot,,,,,,,,
baldric,,,,,,,,
Heracles,,,,,,,,
courtyard,,,,,,,,
hecatomb,,,,,,,,
asphodel,,,,,,,,
Uniate,,,,,,,,
unnamed,,,,,,,,
boffin,,,,,,,,
profligacy,,,,,,,,
stint,,,,,,,,
bruit,,,,,,,,
moue,,,,,,,,
gloaming,,,,,,,,
rusk,,,,,,,,
crenellate,,,,,,,,
Tarmac,,,,,,,,
enough,,,,,,,,
cerise,,,,,,,,
equipoise,,,,,,,,
become,,,,,,,,
its,,,,,,,,
diamantine,,,,,,,,
need,,,,,,,,
aphonia,,,,,,,,
erumpent,,,,,,,,
coruscating,,,,,,,,
gambol,,,,,,,,
wen,,,,,,,,
circumflex,,,,,,,,
lapidary,,,,,,,,
presbyopic,,,,,,,,
ideogram,,,,,,,,
pleurisy,,,,,,,,
anfractuous,,,,,,,,
diffident,,,,,,,,
concrescence,,,,,,,,
melisma,,,,,,,,
pettifogger,,,,,,,,
adduce,,,,,,,,
misprision,,,,,,,,
Alhambra,,,,,,,,
glaucous,,,,,,,,
lenticel,,,,,,,,
arhat,,,,,,,,
achene,,,,,,,,
caldera,,,,,,,,
beauty,,,,,,,,
the,,,,,,,,
plinth,,,,,,,,
marcescent,,,,,,,,
of,,,,,,,,
her,,,,,,,,
length,,,,,,,,
correspondence,,,,,,,,
inveigle,,,,,,,,
glimpse,,,,,,,,
sadhu,,,,,,,,
know,,,,,,,,
epiphyte,,,,,,,,
distal,,,,,,,,
chary,,,,,,,,
apodictic,,,,,,,,
repine,,,,,,,,
Inverness,,,,,,,,
used,,,,,,,,
cataract,,,,,,,,
eudaemonia,,,,,,,,
plaint,,,,,,,,
after,,,,,,,,
Park,,,,,,,,
peer,,,,,,,,
psychedelic,,,,,,,,
retrospect,,,,,,,,
door,,,,,,,,
Silesian,,,,,,,,
vetiver,,,,,,,,
pomelo,,,,,,,,pouissance
caritas,,,,,,,,
agape,,,,,,,,
gonna,,,,,,,,
Saluki,,,,,,,,
small-holding,,,,,,,,
joss,,,,,,,,
dugong,,,,,,,,
au fait,,,,,,,,
shoot,,,,,,,,
tetrodotoxin,,,,,,,,
Clausewitz,,,,,,,,
orotund,,,,,,,,
desultorily,,,,,,,,
Tarkovsky,,,,,,,,
aporia,,,,,,,,
movement,,,,,,,,
